No,Ulasan,Label,Pelayanan,Fasilitas,Wahana,Kuliner
1,sayang jalan masuk sangat sempit,0,0,1,0,0
2,wisata bagus banyak buang sampah sembarang sayang sekal,0,0,1,0,0
3,loket parkir biar tidak macet lebih cepat,0,1,0,0,0
4,orang kota sibuk sawah pandang arik duduk santa ikmat hidang pandang sawah sangat asyik,1,0,1,1,1
5,wow alam pandang sangat asri dingin kayak pandanga cakep keren jadi pengin jalan sana mas tiket harga jangkau,1,0,0,1,0
6,keren sekal cocok buat libur sama luarga cinta,1,1,1,0,0
7,kreatif pilik wisata saji wisata tani alam desa,1,1,1,1,0
8,wisata sawah sumber nyata sawah jadi tempat wisata keren,1,0,1,0,0
9,sumber gempong trawas wisata murah riah buat luarga favorit wahana reta hehe,1,0,0,1,0
10,subhanal wisata murah riah pandang sangat indah,1,0,1,0,0
11,sekeluarga pernah sana pandang indah sejuk murah,1,0,1,0,0
12,akses gangnya smpit buat luar masuk ndara driver elf kadang macettt simpang semoga jalur luar masuk lebar biar bus masuk,0,0,1,0,0
13,pernah mau masuk situ gagal masuk penuh tidak parkir datang jam siang,0,0,1,0,0
14,sawah ijo semua hari minggu marin kamar mandi air sangat kotor sangat tidak anjur mandi toilet umum,0,0,1,0,0
15,tempat bagus suasana sawah hijau sejuk mata,1,0,1,0,0
16,lihat sejuk indah tempat wisata,1,0,1,0,0
17,bagus tempat wisata alam panfaat area sawah kemas jadi tempat wisata arik,1,1,1,0,0
18,wisata alam banget main agam cocok luarga,1,0,0,1,0
19,tempat senang buat libur sama luarga,1,0,1,0,0
20,tempat wisata indah nyaman,1,0,1,0,0
21,tempat indah bagai wahana,1,0,0,1,0
22,aku tau situ tiket nya murah banget wahana nya murah,1,0,1,0,0
23,kurang tempat teduh gazebo lahan sawah jadi panas banget air kolam keruh buat anak main air maaf cuma saran depan,0,0,1,0,0
24,minggu marin sana jauh surabaya depan gapura katae penuh enggak masuk cewa deh,0,1,1,0,0
25,kurang kuliner,0,0,0,0,1
26,panas kalau siang,0,0,1,0,0
27,tempat parkir perlu luas akses masuk mobil gntian kalau masuk enggak nya,0,1,1,0,0
28,jalur mobil kurang jembar maszeeh,0,0,1,0,0
29,main sedikit terus antri nya ngeri kalau weekend kalau pandang oke lah,0,0,0,1,0
30,wah tambah sip wae jalur reta sawah baru kali sini akhir sini jalur lewat kolam,1,0,0,1,0
31,marin datang jam set an suruh lurus sama hansip enggak masuk,0,1,0,0,0
32,reta cocok buat anak mtpi emak pengin ngikut dong,1,0,0,1,0
33,sekarang lebih bagus parkir bagaimana dulu susah sih,0,0,0,1,0
34,camping ground kak nya kurang urus,0,0,0,1,0
35,banyak pohon kak biar teduh misal pohon trembesi pohon mangga lainyya,0,0,1,0,0
36,tambah gazebo dong kak masak sana enggak tempat teduh,0,0,1,0,0
37,maaf kak toilet enggak tempat sampah dekat sama toilet dekat pawon ku,0,0,1,0,0
38,pernah mau kstu penuh terus tolak,0,1,0,0,0
39,jalan parkir arah pulang bikin cewa moga cepat bagusin,0,0,1,0,0
40,banyakinn wahana lain min kolam renang lebih bagusin min trms,0,0,1,1,0
41,puuuuuanaaas kurang teduh kalau pohon rindang munkin tambah enak,0,0,1,0,0
42,suka sama api ikan nya,1,0,1,0,0
43,pandang bagus cuma sayang toilet kurang,0,0,1,0,0
44,makin bagus banyak unjung jadi pengin balik sana,1,0,1,0,0
45,maaf sana tak sesua realita kolam anak kecil keruh cuaca panas banget tempat teduh kurang pada mungkin tempat sawah,0,0,1,1,0
46,murah makan enak aku kali ksana,1,0,0,0,1
47,saran mungkin kolam nya buat bersih rata karenaa pija batu lmyn tajem,0,0,0,1,0
48,akses masuk macet pol min mohon cari akses kalau enggak buat akses hehe,0,0,1,0,0
49,marin minggu aku cewa banget jauh jalan nanjak eh sana mau masuk distop sama bpk nya atur jalan akses masuk bilang penuh memang kuota,0,1,0,0,0
50,tempat favorit bersih sejuk makan jangkau,1,0,1,0,1
51,tempat cocok banget karenaa layan tugas ramah tambah menu makan situ sangat lengkap murah riah,1,1,0,0,1
52,rute reta mini nya lumay jauh jadi enggak sesal cafe nya mnurut rasa standard lebih tingkat fasilitas umum toilet mushola nya bersih banget sini bersih nya,1,1,1,1,1
53,sini sedia warung jual harga jangkau,1,0,0,0,1
54,tiket masuk sini cuma rp per orang murah riah harga kafetaria jangkau tidak tipikal harga tempat wisata,1,0,1,0,1
55,hitung murah tempat wisata pop mie aqua,1,0,0,0,1
56,kantin banyak harga jangkau enak,1,0,0,0,1
57,dapat kolam renang wahana lumay banyak harga jangkau becak air reta sawah jantra kuda sepeda layang becak terbang kantin jual aneka minum dapat musholla dekat kantin,1,0,1,0,1
58,paling asyik sini kolam air nya asli sumber air enang lihat pandang bagus full hijau hijau bahkan sini semua harga nya murah murah sekal baik wahana tetap murah,1,0,0,1,1
59,kuda becak terbang iya banyak sedia gazebo tengah tengah sawah buat duduk duduk pandang gunung area bersih udara segar sedikit panas warung jajan iya buat camping gaes,1,0,1,1,1
60,wisata alam pandang sawah alam dapat kolam renang air langsung sumber dapat berapa main anak anak warung bagai macam menu fasilitas mushola toilet bersih,1,0,1,1,1
61,wisata jangkau fasilitas oke banget harga ramah harga tidak ngawur rasa lumay parkir luas banyak wahana main kolam renang gratis punggut biaya spot foto banyak pandang natural pkknya,1,0,1,1,0
62,food court nya harga jangkau banget murahhhh nya enak variasi banyak,1,0,0,0,1
63,sumber air segar kamu naik reta sawah tiket ribu sepeda terbang banyak lain jajan sini harga jangkau banget jadi enggak perlu risau kalau sini enggak bawa bekal,1,0,0,1,1
64,tempat nya luas nya upa pujasera umkm batas duduk nya suasana sana sejuk segar meski rama harga orang habis ribu masuk makan minum wahana main parkir harga tiket masuk,1,0,1,1,1
65,area wahana wisata area wisata kuliner bagi area wisata kelola bumdes sedia utama area kelola pihak umkm bina bumdes tapanrame berjum toko umkm,1,1,1,0,0
66,akses jalan sempit hadiah beret kanan kiri selip mobil luar harus memang kalau parkir penuh mobil mau masuk stop jangan penuh masuk,0,1,1,0,0
67,admin buka pinta maaf fasilitas malah lah loh lah loh tempat wisata macam apa tempat parkir tidak tinda pilik,0,1,1,0,0
68,atur tidak baik parkir tidak unjung tetap biar masuk area tidak arah parkir suruh jalan terus akhir tembus pintu luar,0,0,1,0,0
69,bablas ambil tiket pinggir jalan suru tukang parkir luar lokasi dulu padahal jalan luar lumay jauh muter bilang mau samperin loket tetap usir suruh luar jalan masuk sangat sempit lewat rumah rumah warga dulu tempat biasa enggak bagus bagus kalau panas panas kalau ujan ujan ujan plus becek banget nomor recomended segi karyaw lokasi enggak bagus,0,1,1,0,0
70,pokoke seru murah riah wis segitu karcis jangan nomor,1,0,1,0,0
71,enggak rekomended buat punya mobil sana pas hari minggu kondisi hujan area parkir jadi medan off road,0,0,1,0,0
72,jangan pernah sini kalau mobil kali pengin aman jalan sempit banget cok mobil gue langsung beret kanan kiri mana mobil baru beli cok,0,0,1,0,0
73,jalan masuk lalu sempit buat mobil jalan masuk sendir jalan luar harus jalan sendir tidak jadi satu ganti,0,0,1,0,0
74,selalu penuh kali sini ecewa harus biar enggak capek sana ada daftar karcis online zaman modern soal,0,0,1,0,0
75,gapura bolak balik kali selalu bilang penuh sama hansip nya,0,1,0,0,0
76,tempat nya sangat rama kurang toilet apa lihat instagram google tidak nyata,0,0,1,0,0
77,air nya suejuk sumber alam,1,0,1,0,0
78,waduh kata hari tidak lalu rama aduh nyata,1,0,1,0,0
79,lebih tingkat fasilitas sedia tikar minimal sewa susah jadi nyaman padahal pandang bagus jadi alhasil tidak ikmat sadar memang baru saran ima kasih,0,0,1,0,0
80,cocok buat luarga pandang bagus banyak ikan air tawar,1,0,1,0,0
81,suasana sejuk alam meski baru ata bagus,1,0,1,0,0
82,buat puol mau sini gadibolehin belok sama pak ogah yaudah gajad,0,1,0,0,0
83,banyak kurang nya fasum tempat teduh kurang pada event besar,0,0,1,0,0
84,tempat bagus sayang elola wisata tidak profesional kesan tidak sopan,0,1,1,0,0
85,tempat enggak bagus,0,0,1,0,0
86,lumay,1,0,0,0,0
87,asri udara sejuk alam,1,0,1,0,0
88,akses massuk sangat sempit,0,0,1,0,0
89,tempat penuh jajak dapat,0,0,1,0,0
90,tempat wisata tutup,0,1,1,1,1
91,tempat senang,1,1,1,1,0
92,segar,1,0,1,0,0
93,tambah apik lengkap om sumber gempong asiik banget benar tempat wisata bukan wisata cafe borbardir trawas,1,0,1,1,1
94,mantab tambah keren,1,0,1,1,0
95,wisata sawah arti sesungguh tidak arik tempat memang luas banget pandang nya bagus fasilitas kurang toilet nya jarang memang beberapa titik cari enggak tunjuk enggak tempat teduh,0,0,1,0,0
96,tama kali sini suam harga tiket masuk ribu per orang parkir motor ribu akses jalan masuk gang hampir bablas enggak lihat gangnya,1,0,1,0,0
97,sumber gempong rupa wisata alam ds tapanrame trawas lokasi taman ganjar tunjuk jalan medan uju lokasi lumay naik turun lewat jalan sempit paka motor matic,0,0,1,0,0
98,kali sini tiket masuk murah riah ribu orang anak main mandi kolam sepuas air jernih bebas kaporit,1,0,1,1,0
99,lokasi wisata tidak jauh taman wisata ganjar trawas gang masuk relatif sempit jalur mobil lalu jalan kampung tugas jaga atur masuk luar mobil sejak masuk gang,1,1,1,0,0
100,tempat wisata desa cocok luarga time sesua nama tempat dapat sumber air letak bawah pohon ingin bawah kolam pandi anak wahana sedia patut coba bebek air reta atas awan sepeda terbang banyak,1,0,0,1,0
101,tempat bagus pandang nya sawah lengkap saung gazebo wisata renang suasana nya asri sejuk cocok banget buat healing sama luarga wisata kuda flying fox paling seru reta mini cocok banget buat anak,1,0,1,1,0
102,tempat wisata sangat cocok buat libur bareng teman teman atau luarga tempat sangat luas banyak wahana sepeda terbang becak terbang kolam renang atv reta sawah api bebek air,1,0,1,1,0
103,libur murah riah,1,0,1,0,0
104,sejuk cocok buat libur ala alam,1,0,1,0,0
105,cocok wisata bareng luarga,1,0,1,0,0
106,bagus murah riah pasti kalau kamar mandi kamar ganti tambah,1,0,1,0,0
107,tempat bagus sesua budget ramah banget kantong,1,0,1,0,0
108,kualitas rasa mantap,1,0,0,0,1
109,cinta alam asri tempat tema sawah sangat bagus,1,0,1,0,0
110,makan nya murah murah deh,1,0,0,0,1
111,lumay bagus murah riah wahana nya datang jam an unjung rama mskipun hari kerja,1,0,1,1,0
112,biasa tempat enggak lebih tempat,0,0,1,0,0
113,harga tiket masuk masuk jangkau jenis makan macam macam harga makan standart harga tiket wahana standar meski weekend tidak lalu rama jadi ikmat pandang,1,0,1,1,1
114,tempat luas bersih makan worth,1,0,1,0,1
115,tempat wisata bagus luarga akhir pekan suasana back nature banget air sunga sangat jernih segar api ikan orang dewasa api lihat anak enang bawah renang api ikan gratis bayar naik wahana worth buat spend time bareng luarga akhir pekan biaya masuk rp selamat libur,1,0,1,1,0
116,tempat nya bagus kolam nya air nya sueger harga tiket masuk cuma gila semoga depan nya terus inovasi lebih baik,1,0,1,1,0
117,suka banget masyaal waktu sana cuaca sangat dukung sejuk sekal kunjung hari kamis tiket masuk per orang ribu parkir motor ribu kantin loh kamar mandi cukup bersih paling suka sama api ikan seru geli geli bagaimana baru tama kali waktu sana sebenar incar naik kuda nyata kuda cuman waktu weekend doang akhir naik reta sawah deh tiket per orang cuma ribu suka sekal cukup senang cocok luarga nongkrong bareng teman pasang,1,0,1,1,1
118,aduh enggak deh sini pas weekend penuh sesak sama laut manusia jadi mau ikmat fasilitas enggak santa terus joglo buat teduh nyata sewa jadi enggak neduh pas hujan usul saran jadi tugas parkir koordinasi tugas erima wisataw bagi loket parkir rasa penuh informasi parkir tidak erima wisataw jadi enggak muter cari parkir tugas dalam nyuruh terus belakang belakang nyuruh muter buat cari atas jadi malah susah wisataw dong semoga kritik saran guna jalan baik diri semoga semakin baik sukses kalau mau sini pikir deh,0,1,1,0,0
119,tiket masuk murah tiket wahana murah makan jual sana murah pandang indah sangat senang,1,0,1,1,1
120,tiket murah riah,1,0,1,1,1
121,tempat nyaman sejuk cuman pilih makan jajan kurang banyak,0,0,1,0,1
122,alam,1,0,1,0,0
123,keren edukasi rekomendasi ajar anak usia dini masyarakat enal alam lebih dekat,1,0,1,0,0
124,libur sama luarga makan tiket murah,1,0,1,0,1
125,nyaman refresing tempat bersih,1,0,1,0,0
126,suasana sejuk,1,0,1,0,0
127,bagus tempat gunung sawah,1,0,1,1,0
128,tempat wisata murah riah harga tiket masuk cuma ribu pandang sawah cuma sayang tempat neduh kurang banget,0,0,1,0,0
129,tempat bagus,1,0,1,0,0
130,pandang gunung bagus,1,0,1,0,0
131,mau weekend bingung mau aku tempat rekomended nih sawah sumber gempong suasana indah banget berapa main anak buat dewasa tiket masuk cuma uwaaa enggak ecewa kok selera orang kan beda beda gais semoga suka kalau sini,1,0,1,1,1
132,layan jam,1,1,0,0,0
133,obat ikmat panorama indah sejuk asli healing ikmat panorama indah nan sejuk,1,0,1,0,0
134,tempat sejuk bersih pandang mantap,1,0,1,0,0
135,asri cocok buat wisata luarga tiket masuk murah riah,1,0,1,0,0
136,parkir buruk,0,0,1,0,0
137,lokasi jauh jalan kecil sebaik sini paka ndara sutle taman ganjar parkir mobil pribad batas kalau waktu rama unjung parkir mobil sangat jauh tempat lumpur,0,0,1,0,0
138,makan cuma mie bakso gado pandang indah parkir jauh kurang besar jalan sempit tugas pantau lumay healing sejenak,0,0,1,0,1
139,tempat luas alam banyak wahana nyaman lur,1,0,1,1,0
140,tempat wisata benar ngerefresh banget suka semua lengkap mushola kamar mandi warung the best deh tiket masuk worth poll aman cuma dong tambahin tempat sampah dekat wahana sulit tiap kali mau buang sampah makan,0,0,1,1,1
141,kurang puas fasilitas layan tm lalu mahal parkir mobil area bebas parkir,0,1,1,0,0
142,wisata luarga buat senang anak murah riah pandang cukup bagus,1,0,1,0,0
143,wahana wisata awar pandang bukit hampar sawah kolam suasana sejuk asri banyak pilih main reta sawah atv bebek air naik kuda kolam tempat luas prasarana parkir cukup kurang toilet tempat sampah mungkin tambah tersedia nya harga tiket masuk murah tiket main jangkau,0,0,1,1,0
144,datang pagi hari kalau weekend biar enggak rama,0,0,1,0,0
145,agam main sangat rekomended,1,0,0,1,0
146,tempat bagus banget layan bagus makan enak murah,1,1,1,0,1
147,parkir nya kalau hujan jembret,0,0,1,0,0
148,krasan wisata alam tiket murah riah wahana lumay pilih senang luarga gembira sepulang sumber gempong,1,0,1,1,0
149,kunjung pas tanggal merah waaah nyata lumay sekal unjung suasana jadi sangat rama tempat luas jadi asa sesak wahana sepeda air hendak antri sesuai nomor tiket wahana reta sawah lebih tertib antri,0,0,1,1,0
150,senang,1,0,0,1,0
151,butuh segar diri sumber gempong trawas sangat cocok udara sejuk suasana senang tiket masuk cuma kalau mau naik reta sawah tiket cuma keliling sawah naik reta sawah pokok asyik,1,0,1,1,0
152,makan murah rian lumay enak,1,0,0,0,1
153,suasana alam sangat sejuk,1,0,1,0,0
154,kalau sini wajib cebur kolam cuman kalau parkir mobil kasih tenda dong biar enggak hot lotot wkwkwk,0,0,1,1,0
155,tempat wisata alam arik buat luarga pandanganx indah hijau edukasi anak tani samping sumber mata air sangat jernih wahana main cukup banyak,1,0,1,1,0
156,sejuk asri alam fasilitas toilet mohon tambah karen tidak seimbang unjung,0,0,1,0,0
157,lebih baik kalau datang hari kerja sore hari bawa tiker santa ikmat udara pandang sejuk tempat panas kurang tempat teduh saung berapa titik jajan cukup mahal saran bawa motor kalau sayang mobil tiket murah,0,0,1,0,1
158,pandang bagus tiket masuk ebu parkir motor ebu sejuk mantap pokok,1,0,1,0,0
159,sungguh zngt puaz dngn pmndangn lokazinxa zngt tpt api ikanxa zngt puaz,1,0,1,0,0
160,fasilitas bagus cocok buat ngopi ngelamun,1,0,1,0,1
161,tempat nya bagus masuk desa wisata jalan sangat nanjak,0,0,1,0,0
162,pandang sawah luar biasa masya allah akses uju sana lumay egang kalau arah panda lewa tanja jurang ampel buat motor supra ngos ngosan hampir mundur alhamdulil allah lindung serta anak istri,0,0,1,0,0
163,tama kali tempat tahap bangun cafe terus kali nyata jadi semua fasilitas parkir nya kurang mungkin tahap bangun banyak main anak anak bikin anak anak betah main sini harga tiket masuk ribu dewasa parkir mobil ribu dapat musholla banyak,0,0,1,1,0
164,waspada musim hujan daerah lereng bukit rawan banjir longsor,0,0,1,0,0
165,wisata murah riah tiket masuk cuma ribu per orang biaya parkir mobil ribu dalam banyak main tiket mula ribu ribu kolam pandi langsung sumber air jadi pasti nomor kaporit,1,0,1,1,0
166,suka sekal tempat nuansa alam sawah pokok,1,0,1,0,0
167,wisata sih kecil murah riah tiket masuk cuma ribu,1,0,1,0,0
168,dana sini mula akses masuk gang sempit ganti mobil kalau papas jalan turun parkir mobil rebu tiket masuk rebu orang sangat murah pr banget tempat parkir sangat batas tamu bludak rama alhasil penuh antri parkir wahana antri semua bilas ganti antri beli aqua warung dekat sawah rebu murah malah cafe nuansa jogja kalau sini mungkin weekday,0,0,1,0,1
169,bablas ambil tiket pinggir jalan suru tukang parkir luar lokasi dulu padahal jalan luar lumay jauh muter bilang mau samperin loket tetap usir suruh luar jalan masuk sangat sempit lewat rumah rumah warga dulu tempat biasa enggak bagus bagus kalau panas panas kalau ujan ujan ujan plus becek banget nomor recomended segi karyaw lokasi enggak bagus,0,1,1,0,1
170,tempat nya bagus cocok buat luarga,1,0,1,0,0
171,tempat asri main lu anak dewasa,1,0,1,1,0
172,tempat bagus asri tiket masuk orang naik reta orang kolam renang gratis banyak tempat jual,1,0,1,1,0
173,harga tiket masuk murah cuma ribu per orang bagus banget tempat nya alam sejuk lilingi sawah air nya bersih,1,0,1,0,0
174,kalau siang panas,0,0,1,0,0
175,wisata baru embang potensi upa sumber mata air sawah asiring indah pandang gunung anggung lola bumdes,1,1,1,0,0
176,kesempat sama luarga kunjung tempat overall segi tempat konsep cukup bagus suasana desa berapa butuh baik wahana sepeda bebek cuma sedia berapa unit sangat kurang banding jumlah unjung weekend wahana reta sawah perlu hati safety rel reta buat tinggi umpang duduk gerbong kecil cuma sedia sabuk aman bukan paka pintu anak anak cukup bahaya bila tidak damping orang tua kolam renang campur ikan air asa bau amis lanta kolam batu baik bila memang sedia kolam khusus renang parkir kurang pada tempat wisata kurang siap hadap lonja unjung,0,0,1,1,0
177,khas indah nya alam desa hijau,1,0,1,0,0
178,semakin bagus semakin perluas banyak wahana main anak harga tiket per wahana jangkau wahana paling gemar unjung reta sawah,1,0,1,1,0
179,tempat bagus cocok habis libur akhir pekan sama luarga,1,0,1,0,0
180,tama kali dengar teman lokasi reun teman tahun sd puja surabaya tanggal tempat rapi sejuk wahana berapa selanjutny mungkin perlu tambah perlu pikir depan masa akses masuk luar jadi satu posisi tengah mau turun anjak,1,0,1,1,0
181,bagus ut arena main dewasa anak cukup hibur,1,0,1,1,0
182,dingin sejuk asik cocok buat piknik luarga,1,0,1,0,0
183,tempat wisata murah riah tempat bagus,1,0,1,0,0
184,tiket murah fasilitas baik akses luar masuk jalan sempit,0,0,1,0,0
185,enggak sangka sebagus betah sekal sana cuaca sahabat kali balik sana mantavv pandang,1,0,1,0,0
186,wisata alam mojokerto luas dingin parkir mobil luas harga tiket masuk nya murah cuma ribu parkir mobil ribu makan minum nya relatif murah sama banding luar tempat wisata jalan masuk lumay sempit buat mobil aplg kalau adu mobil enggak tugas mngatur banyak space kosong sebenar manfaat sama wahana tempat main anak tempat makan biar lebih rama pas pulang enggak periksa karcis pulang sebenar jadi aga khawatir sama aman ndara,0,1,1,1,1
187,kurang tempat duduk sini sangat panas,0,0,1,0,0
188,sangat indah tempat suasana desa sangat kental tiket masuk kantong ajar banget mantap lah recommended lah wajib masuk daftar healing kali kalau trawas,1,0,1,0,0
189,cocok buat santa sama luarga,1,0,1,0,0
190,tempat bagus tiket murah makan jual murah jangkau sana pas weekday tambah siang tambah rama mungkin tiket murah jadi banyak pinat,1,0,1,0,0
191,harga ramah kantong cocok pas tanggal tua harga makan murah riah,1,0,1,0,1
192,bagus tempat anak enggak bosan sini kali kali,1,0,1,0,0
193,jalan masuk lokasi mungkin lebar cari jalan masuk rama fasilitas toilet asa sekal kalau kurang unggu sabar guba orang ganti bilas mandi enang lain tempat asyik udara mantap tata rapi lah buat pilih libur sama luarga,0,1,1,1,0
194,bagus segar banget enak banget,1,0,1,0,0
195,tiket masuk murah parkir lumay makan enak harga sahabat,1,0,1,0,1
196,semua atraksi nya murah riah cukup banyak pilih start ribu wahana main kolam renang alam api ikan gratis musim marau wajib banget bawa topi payung enggak tempat rimbun parkirmobil ribu sptnya parkir motor ribu tidak biaya masuk staff nya ramah khusus reta api antri kurang lebih menit gantung ramai senang holidays guys,1,1,1,1,1
197,tempat nya bagus pandang nya bagus cocok wisata,1,0,1,0,0
198,wisata low budget cukup bikin aku sekeluarga senang sedikit saran kalau mau sumber gempong lebih baik angkat pagi soal akhir pekan sangat rama banyak mobil tolak gaboleh masuk parkir full wahana nya arik murah riah nih aku serta foto budgeting aku angkat lokasi total cuma,1,1,1,1,0
199,perintah daerah sungguh panfaat lahan jadi sumber dapat benar benar sangat baik sekal meski enggak tau sih milik orang swasta milik perintah daerah fasilitas cukup baik enggak kalah penting banyak tempat duduk bikin ngunjung gampang cari duduk kalau capek,1,0,1,0,0
200,bagus banget sejuk sawah,1,0,1,0,0
201,sini tahap bangun nyaman cocok healing,1,0,1,0,0
202,catat jalan area parkir sama cor aspal sedang musim hujan licin bahaya,0,0,1,0,0
203,luar biasa sejuk indah banyak wahana kantin tempat jual perlu baik sering lihat kotor kurang arik,0,0,1,1,0
204,tiket murah hari minggu tadi padat unjung kolam renang kolam ikan gratis wahana banyak seru naik reta sawah lintas atas sawah tanam strawbery rekomended buat wisata luarga,1,0,1,1,0
205,tempat luas,1,0,1,0,0
206,suasana alam pesona,1,0,1,0,0
207,tempat murah bagus,1,0,1,0,0
208,murah riah,1,0,1,1,1
209,suka banget sini suasana asri sejuk kalau beli makan toko atas cafe depan parkir saran toko gubuk biar jual makan tiket murah riah suka suasana jelang sore,1,0,1,0,1
210,rasa pulang kampung dada unjung wisata parkir cukup luas banyak destinasi tempat kunjung area sawah hijau kolam ikan buat api ikan atv reta sawah kolam pandi ayun tempat makan rasa lumay worth sangat rekomended kali ikmat suasana tenang asri,1,0,1,1,0
211,bagus sih cuma kurang wahana,0,0,0,1,0
212,tempat nya bersih cocok wisata luarga sawah hijau pandang bagus aneka main cukup seru area kolam pandi taman,1,0,1,1,0
213,enak udara sejuk sekal lokasi sangat mudah jangkau,1,0,1,0,0
214,tempat biasa dekat daerah gunung pandang sawah asiring enggak lalu luas backgeound gunung arjuno jauh tiket masuk cuma parkir mobil datang hari minggu rama sekal unjung mungkin banyak asar tempat sedia toilet kamar ganti bilas bayar seikhlas jumlah enggak pada padat unjung sedia musholla kecil kurang bersih kondisi atur luar masuk ndara sonel kurang sering mobil papas sulit efek macet kolam memang alam cuma kalau buat lebih aman pinggir kolam bagi kolam banyak batu tajam esiko fatal unjug tidak paham tempat parkir mobil musim hujan sering roda selip dasar tanah lihat overall tempat tempat biasa cuma beri panis sedemiki rupa sehinggga tmpk lebih arik,0,0,1,1,0
215,wisata konsep sawah harga tiket masuk sangat murah,1,0,1,0,0
216,apa kurang sini jawaba pohon elola tanam pohon area lalu buka biar kesan lebih sahabat unjung mayoritas anak kecil,1,1,1,0,0
217,sering sini bareng luarga teman harga sahabat,1,0,1,0,0
218,tempat wahana main asyik parkir luas cuma gazebo krg banyak kalau weekend pngunjug mmbludak,0,0,1,0,0
219,suasana enak sejuk tiket murah makan cafe lumay enak harga standard tempat wisata aku sini karenaa pas acara kantor suam nginep nyewa tend tenda cocok akhir pekan sama luarga mau teman kerja,1,0,1,0,1
220,bagus banget cuy tempat awal sempat ragu lihat comment ig bilang kalau sana hari minggu bikin pala pusing gedek saking rame hari minggu tetap coba sana pas jam enak banget sepi super dingin rame mula jam an jadi kalau kali enggak mau rama datang pagi but walau rama tetap seru sih enggak bikin gedek wkwkwk,0,0,1,0,0
221,tempat bagus,1,0,1,0,0
222,pandang bagus makan enak harga murah,1,0,1,0,1
223,tempat its okayy lumay wahana cukup banyak harga bilang affordable mungkin lebih saran main reta sama bebek air worth uang luark rendam kaki gratis terus renang gratis jadi banget jadi tuju kalau waktu luang,1,0,1,1,0
224,mantaaaapp pwoolll recomended banget buat libur luarga,1,0,1,0,0
225,tiket masuk nya murah suasana senang utama buat anak banyak gajebo paka buat santa lihatk sawah hirup udara segar masuk wisata favorit daerah trawas,1,0,1,0,0
226,lalu padat unjung tidak batas unjung pihak management tempat parkir mobil tidak rapi banyak jeblos untung murah,0,1,1,0,0
227,bagus tempat kolam renang sumber langsung banyak ikan spot foto banyak banyak jual enak enak makan harga jangkau atv nya sepeda gantung sepeda bebek air reta reta sewa kamar kalau weekend harga sewa kamar beda sini sering acara,1,0,1,1,1
228,suasana nyaman nyanta pandang macam ubud,1,0,1,0,0
229,tempat wisata bagus cocok luarga refresh banyak saji pandang sawah latar belakang gunung anggung,1,0,1,0,0
230,tiket murah suasana asri saran tambahin tempat teduh gubu sawah kasih pas musim hujan,0,0,1,0,0
231,tempat sangat nyaman jauh ramai buat enang diri healing tipis sini recomended sekal gess,1,0,1,0,0
232,pandang sangat akjub karena memang lokasi sawah panas tidak pungkir biaya masuk murah harga makan cukup jangkau cocok jadi salah satu destinasi wisata kunjung,0,0,1,0,1
233,sejuk tambah banyak spot foto,1,0,1,0,0
234,bagus referensi healing luarga,1,0,1,0,0
235,bagus tempat tiket masuk murah riah,1,0,1,0,0
236,tempat bersih sejuk semua tugas ramah,1,1,1,0,0
237,meski sawah cocok banget buat seru an,1,0,1,0,0
238,admin kurang ramah asli admin tidak ramah,0,1,0,0,0
239,bagus banget benar alam desa asli bapak tani panen padi pisah biji padi daun cara tradisional api ikan seru sih urut ikan gede asa banget waktu kaki gigit ikan geli bagaimana sumber air asli segar dingin air kolam kayak asli sumber air kaporit dasar kolam batu an enang bareng ikan cocok buat rekreasi luarga wahana reta sawah seru meski aku sedikit ngeri pas rel ikung bis kayak enggak masuk kalau elf jalan cukup mobil luarga papas henti salah satu,0,0,1,1,0
240,sini ulang kali mula dagang motor sekarang banyak bangun kembang banyak reta sawah ahu bebek becak langit,1,0,1,1,1
241,sini cuma suka sama reta sawah doang makan murah banget,1,0,0,1,1
242,mobil kondisi nya baik banyak tanja curam,0,0,1,0,0
243,weekend macet luar biasa,0,0,1,0,0
244,sini pagi banget sih lalu rama minus rumah makan mending spot buat cafe,0,0,0,0,1
245,tempat rekreasi luarga murah riah lengkap banget kolam renang api ikan warung makan main anak musholla toilet lengkap pokok,1,0,1,1,0
246,sejuk sekal hawa,1,0,1,0,0
247,healing tipis harga murah pandang bagus worth,1,0,1,0,0
248,wisata luarga trawas jawa timur,1,0,1,0,0
249,wisata alam tema sawah sumber air,1,0,1,0,0
250,golong eduwisata naturalis meski baru diri fasilitas lumay pada unjung,1,0,1,0,0
251,tempat wisata kuarga rekomended,1,0,1,0,0
252,tempat asri kolam renang area main sangat cocok wisata sama luarga,1,0,1,1,0
253,bagus sekal pandang,1,0,1,0,0
254,recommended banget guys epic pokok akses akut hehe,0,0,1,0,0
255,tempat alam sejuk cocok wisata luarga suatu pengin sini,1,0,1,0,0
256,tempat bagus pandang nya banget suasana sawah sangat luas satu alam wahana banyak,1,0,1,1,0
257,wisata baru bagus banyak wahana benar fresh sangat rekomen harga tiket rakyat,1,0,1,1,0
258,lalu banyak orang,0,0,1,0,0
259,seru bagus,1,0,1,1,0
260,tempat nyaman harga tiket jangkau,1,0,1,0,0
261,lumay isi kosong akhir pekan udara sejuk pandi sunga nya alam api ikan kalau ndara kurang kuat nanjak saran lewat jalur trawas kalau lewat panda jalur cimory nanjak cukup extrim,0,0,1,0,0
262,temapt arik ikmat suasana sumber air gunung banyak benah lengkap wahana,1,0,1,1,0
263,jadi pilih rekreasi alam,1,0,1,0,0
264,tempat pikniable sini sama luarga larajg bawa makan minum luar toilet mushollah bersih harga tiket tiap wahana murah riah ceria syalalalala banyak sedia gazebo meja kecil manfaat unggu anak kecil pengin enang kolam sumber parkir luas sedikit khawatir banyak unjung arah lapang parkir umput yaaaah enggak bagus buat mobil roda mobil masuk lumpur alam suam pernah batu dorong mobil unjung mobil jebak akses jalan satu arah pandu sebaik hati hati masuk luar lokasi tikung sangat tajam jalan urun curam pasti driver mahir trampil uasa segala medan,0,1,1,1,1
265,bagus tempat santae kurang banyak,0,0,1,0,0
266,keren sejuk plang nama wisata nya perjelas kalau uju sana langsung belok gang masuk nya marin cari meski bantu google map tetap hampir nyasar posisi mau masuk gang jalan nya urun tidak lihat nama wisata nya,0,0,1,0,0
267,ekonomis tempat indah,1,0,1,0,0
268,tempat enak makan enak harga standart pandang bagus ig fitriya hanim,1,0,1,0,1
269,harga tiket masuk murah sekal cukup pandang sawah hijau bagus sekal cocok buat mau jalan jalan ikmat indah alam trek jalan lumay naik asering sawah banyak jual pandi berapa wahana main akses masuk cukup kecil sebab antri masuk luar saran jalan masuk luar beda biar tidak jadi antri mohon tempat parkir paving hujan tidak becek marin sempat mobil tidak luar parkir ban nyngkut tanah becek semoga fasilitas lebih baik,0,1,1,1,0
270,sayang pas hujan jadi kurang puas main air nya,0,0,1,0,0
271,enak buat nyanta pandang bagus angin semilir area main buat anak,1,0,1,1,0
272,kurang tempat istrahat,0,0,1,0,0
273,wisata luarga murah riah makan standart harga golong murah,1,0,1,0,1
274,sarana fun gathering jaga kompak sama teman teman wisataw elola lahan sawah bukit ambah suasana unik,1,0,1,0,0
275,pas weekend sini tepat hari minggu luar biasa rama memang luarga ramah banyak wahana main buat anak suguh hampar sawah kebun kebun caba tiket masuk wahana harga gantung wahana area kolam renang cocok anak tidak main lebih dekat alam,1,0,1,1,0
276,bagus alam cuman kalau pas hujan alamat pindah warung warung kecil jangan lupa bawa payung,0,0,1,0,1
277,sejuk tempat air segar lagsung sumber,1,0,1,0,0
278,tempat tambah apik sekarang banyak wahana baru tiket nya murah,1,0,1,1,0
279,tiket murah banyak wahana,1,0,1,0,0
280,bagus tempat nya harga jangkau,1,0,1,0,0
281,murah tempat bagus sangat instagram meble banget,1,0,1,0,0
282,atur tidak baik parkir tidak unjung tetap biar masuk area tidak arah parkir suruh jalan terus akhir tembus pintu luar,0,1,0,0,0
283,sebenar wisata seru konsep unik lalu siap erima banyak wisataw efek viral wisata sering overload utama akhir pekan bahkan kalau pas overload enggak masuk pulang cewa suasana lumay jangan ekspektasi bagus banget foto foto sosmed asli sawah biasa percantik mana kadang hijau cantik kadang kuning malah cuma lumpur fasilitas kurang toilet banyak wahana tidak banyak overload hampir semua fasilitas sebut antri stok tempat duduk tempat teduh kurang banding banyak wisataw jadi siap siap kaki pegal panas habis main main lapar sayang semua stand makan antri enggak bagi tempat padahal masuk jam makan sendir minat balik sini atas tahun semua fasilitas siap sepert memang usaha elola ambah fasilitas sekarang aktif ikut tips kalau mau sini nyaman sebisa mungkin hindar weekend bawa tikar sendir duduk kalau bawa bekal makan sendir akhir medan sini kalau lewat prigen cukup sulit bahkan uju sini lewat kampung duduk jalan sempit naik turun jadi pasti ndara sehat emudi pilik alam cukup,0,1,1,1,1
284,salah satu hidden gems trawas akses jalan masuk lewat kampung kecil sama awal lebar bus pariwisata masuk harga tiket masuk rp anak atas satu tahun tinggi lebih cuma bayar tiket parkir mobil rp tiket masuk ikmat cuma wahana pandi kolam air dingin kolam api ikan sama pondok kecil mirip gazebo sebar sawah gratis buat duduk foto wahana bayar si kayak atf kuda sepeda becak layang reta makan cukup agam harga jangkau goreng gede pcs minum saset rata rp mie cup rp rujak manis rp puding rp aneka rupuk hasil kebun kayak ubi mentah jeruk overall cukup puas healing orang dewasa main anak banyak area swa foto instagram able,1,0,1,1,1
285,sangat bagus,1,0,1,0,0
286,buat luarga oke,1,0,1,0,0
287,suasana dinginmmm banget,1,0,1,0,0
288,senang,1,0,1,1,0
289,bagus berapa wahana gratis ex kolam lain bayar asri tempat,1,0,0,1,0
290,main tempat wisata tahun selang sekarang tempat lebih luas jalan masuk bagus wahana banyak banget tiket masuk rp ribu orang pujasera seru banget deh jadi kayak one stop wisata enggak bakal sesal main sini fasilitas lengkap toilet mushola semua gratis banyak saung buat duduk santa harga wahana wisata mula ribu orang gantung wahana yuk kunjung gengs,1,0,1,1,1
291,tempat sejuk hargau jangkau jadi pilih luarga libur,1,0,1,0,0
292,tempat bagus hangout utama luarga,1,0,1,0,0
293,tempat wisata murah riah daerah trawas patut coba enang api ikan main berapa wahana cukup ikmat udara segar sawah kolam banyak sedia stand makan harga jangkau hati hati masuk area wisata jalan raya pas tanja belo mungkin sebelum perlu beri unjuk jalan,0,0,1,1,1
294,asri pandang desa,1,0,1,0,0
295,bagus banget,1,0,1,0,0
296,wisata sawah sangat entram hati,1,0,1,0,0
297,tempat bagus fasilitas lengkap wahana main seru harga tiket murah kolam renang reta sawah bebek air sepeda layang becak terbang cocok buat rekreasi bareng anak,1,0,1,1,0
298,suasana cukup nyaman hingga betah sana,1,0,1,0,0
299,wisata murah manfaat,1,0,1,0,0
300,sebenar konsep bagus unik siap jadi tempat wisata ampung banyak wisataw viral akhir overload utama akhir pekan bagus sosmed realita sawah percantik bagus buat suka suasana alam kurang cocok buat cuma mau wisata cantik fasilitas bilang kurang wahana cuma berapa selalu antri akhir jadi kurang minat coba semua wahana tempat duduk tempat teduh kurang banding jumlah unjung jadi siap siap kaki pegal panas jelang siang lapar semua stand makan antri enggak tempat duduk padahal set masuk jam makan siang akhir sini cuma coba satu wahana habis lapar resto antri paksa cari resto luar enggak jadi coba wahana pribad kurang kenan balik sini atas tahun fasilitas banyak baik perlu apresiasi pihak elola sepertiny usaha ambah fasilitas aktif jadi wisata arik selama bukan weekend kalau weekend pikir toleransi antri ramai mungkin tetap jadi wisata arik kurang suka antri timbang akses sini kalau lewat prigen susah medan banyak tanja turun tajam kelok pasti ndara sehat emudi pilik cukup alam,0,0,1,1,1
301,tempat nyaman healing luarga pandang nya bagus makan murah jangkau wisata olah warga setempat,1,0,1,0,1
302,akses jalan tempat parkir sangat kurang tidak,0,0,1,0,0
303,wisata alam harga tiket masuk jangkau,1,0,1,0,0
304,pernah sini hujan keren,1,0,1,0,0
305,harga tiket masuk murah riah cuma ribu parkir ribu,1,0,1,0,0
306,harga tiket masuk orang sih jadi salah satu opsi buat anak kecil harga makan minum relatif murah kategor tempat wisata mungkin perlu embang wahana main anak fasilitas gazebo pondok,0,1,1,1,1
307,bagus sejuk asri tidak kolam renang kolam air nya sumber langsung,0,0,0,1,0
308,guesthouse bersih air panas kurang banter banyune enggak tvnya memang sengaja ikmat alam desa,0,0,1,0,0
309,wisata murah sejuk,1,0,1,0,0
310,murah riah,1,0,1,1,0
311,sekarang tambah bagus fiew sawah alam tiket masuk enggak mahal,1,0,1,0,0
312,tempat nyaman buat libur tipis murah riah,1,0,1,0,0
313,desa punya nila jual tinggi duduk saling gotongroyong baik rasa hasil kerja keras,1,1,0,0,0
314,wisata alam baik ramah kantong banget wisata air bersih alam cocok wisata luarga,1,0,1,1,0
315,usaha pagi kalau sini jamin lebih keren,1,0,1,0,0
316,tempat sangat arik kunjung luarga time,1,0,1,0,0
317,sangat bagus cocok buat anak,1,0,1,1,0
318,tempat sejuk sumber air sangat jernih cocok luarga anak wisata edukasi relaksasi murah tiket ribu masuk,1,0,1,0,0
319,wisata nyaman murah,1,0,1,0,0
320,mantap buat wisata bareng luarga biaya masuk person super murah buat tempat seindah lho sawah wahana parit sunga kecil kolam pandi parkir luas parkir mobil kuliner cuma dikit banget tempat atap takut pas hujan terik kurang nyaman saran tahank wahana nya biar enggak rusak beri tempat atap teduh,0,0,1,1,1
321,wisata konsep sawah kaki gunung kolam pandi kolam ikan wahana sepeda gantung ayun naik kuda naik reta keliling sawah bebek air pojok dolan tempat makan sedia tempat jajan cocok buat refreshing sama teman teman luarga setahu tempat istirahat bangku bangku saung kurang banyak gendong bayi jadi capek kalau jalan terus,0,0,1,1,1
322,template nyaman,1,0,1,0,0
323,tempat camping mantab,1,0,1,0,0
324,harga tiket masuk parkir mobil naik reta harga makan standart lumay lah,1,0,1,0,1
325,tempat sejuk tempat teduh kurang pas waktu hujan perlu benah jalan parkir tempat parkir beri tempat makan bawah kurang,0,0,1,0,1
326,pandang alam indah cook santai bising kota pandang sawah,1,0,1,0,0
327,wisata luarga ramah anak,1,0,1,0,0
328,tempat nya asri sejuk,1,0,1,0,0
329,mantap banget tempat,1,0,1,0,0
330,bagus murah,1,0,1,0,0
331,wisata murah riah uapik nomor debat,1,0,1,1,1
332,suasana sawah keliling bukit mantap,1,0,1,0,0
333,tempat asri sejuk pas banget buat luarga,1,0,1,0,0
334,bersih alam harga tiket masuk sangat jangkau semua kalang cocok luarga anak anak,1,0,1,0,0
335,pandang tengah gunung nyaman,1,0,1,0,0
336,wisata murah riah berapa wahana tetap bayar,1,0,1,1,0
337,tempat rekreasi murah riah seru asyik pandang bagus banget harga makan murah tiket main murah cocok buat luarga,1,0,1,1,1
338,tempat nya bagus dingin sejuk sawah first time sumber gempong waktu tahun baru marin rama sekal unjung sayang waktu makan salah satu tempat makan nya saji nya kurang bersih daun pisang nya tanah enggak lap dulu daun pisang selebih oke kok harga tiket masuk per orang parkir motor,0,1,1,0,1
339,wisata luarga alam tiket masuk include kolam renang ikmat wahana main mula sangat murah fasilitas tawar sumber gempong elola taman ghanjar semua desa tapan rama makan relatif murah kurang terbatas parkir utama roda jadi usaha kalau sini pagi saat weekend lebih jam parkir penuh pintu masuk utama kalau hari biasa bisa,0,1,1,1,1
340,kalau suasana desa natural sini tempat,1,0,1,0,0
341,harga tiket masuk ribu orang wisata air alam sejuk indah bersih kolam renang kolam ikan wahana lain harga mknan minum jangkau warung nya recomended wisata luarga rombong,1,0,1,1,1
342,camping sama sekecil,1,0,1,0,0
343,tempat sejuk cocok buat healing anak tiket masuk murah tiket wahana harga sok far jangkau lebih suka naik reta sawah pemandian air sumber api ikan rekomended,1,0,1,1,0
344,harga tiket masuk murah naik wahana bayar cocok buat anak kalau renang gratis,1,0,1,1,0
345,tempat healing nyaman murah kantong pandang wahana alam air sumber bersih api ikan gratis toilet wc bersih musholla bagus banget deh pokok enggak cewa,1,0,1,1,0
346,wisata murah riah pandang alam super sejuuuuk,1,0,1,0,0
347,tempat rekreasi sawah suasana sejuk,1,0,1,0,0
348,parkir kurang jauh kalau pas hari libur susah cari parkir parkir jauh pinta ampun kamu,0,0,1,0,0
349,yaman bersih asri,1,0,1,0,0
350,tempat syahdu habis waktu,1,0,1,0,0
351,bagus asri nyaman udara sejuk,1,0,1,0,0
352,wisata sawah baik kalau sini syahdu poll hihih next time sini,1,0,1,0,0
353,sangat nyaman,1,0,1,0,0
354,wisata lihat sawah pandang gunung anggung makan murah selesa bangun,0,0,1,0,1
355,banyak proses bangun semoga cepat jadi,0,0,1,0,0
356,tempat becek,0,0,1,0,0
357,sana pagi jelang siang hari jadi panas banget mungkin saran perbanyak gazebo tempat buat teduh,0,0,1,0,0
358,wisata sawah sebenar semua luarga senang utama anak alam tama main tengah sawah harga tiket masuk cuma tiket wahana mula makan minum jual sana bilang murah akses jalan uju lokasi baik pokok puas ajak main luarga sana,1,0,1,1,1
359,fasilitas lengkap cocok buat mau rekreasi alam sepeda terbang kalau mau coba kurang cuma jalan ukik hati banget kalau nyetir paka mobil,0,0,1,1,0
360,wwaahhh buat suka sejuk pas banget hemat bahagia tidak mahal sini tempat murah riah semua,1,0,1,0,0
361,pandang sawah gunung wahana murah riah,1,0,1,1,0
362,wisata murah riah,1,0,1,0,0
363,murah dingin wahana lumay banyak,1,0,1,1,0
364,suasana asri ingat desa,1,0,1,0,0
365,hawa sejuk pandang indah nyaman sekal wisata luarga,1,0,1,0,0
366,tempat indah sejuk dingin,1,0,1,0,0
367,kabar kelola bumdes tidak pungut parkir liar bayar loket depan,1,0,1,0,0
368,bagus sih makan murah enak,1,0,1,0,1
369,wisata alam asri,1,0,1,0,0
370,datang pas pagi baru buka jamin suasana sangat ueeennaakkkkk refreshing,1,0,1,0,0
371,parkir mobil benah lebih,0,0,1,0,0
372,tempat luas sejuk pokok nyaman buat refresing,1,0,1,0,0
373,waduh kata hari tidak lalu rama aduh nyata,0,0,1,0,0
374,cocok rekreasi sama luarga,1,0,1,0,0
375,bagus sangat keren asli bagus banget sejukk,1,0,1,0,0
376,tama kali sini pandang bagus wahana reta api eliling sebagi sawah relnya atas sawah sumber air kayak kolam kecil buat main air anak,1,0,1,1,0
377,wisata jangkau fasilitas oke banget harga ramah harga makan tidak ngawur rasa lumay parkir luas banyak wahana main kolam renang gratis punggut biaya spot foto banyak pandang natural pkknya healing luarga murah,1,0,1,1,1
378,kopdar bareng teman teman kmk komunitas mitsubish kuda,1,0,1,0,0
379,tempat asri bagus sejuk bersih cocok sama luarga anak sayang kurang lengkap pain nya the best pokok kalau tambah kolam anak kecil lebih enak min,1,0,1,1,0
380,sejuk nyaman tiket murah alam,1,0,1,0,0
381,sejuk alam sekarang semua nya lebih bagus banyak baik cocok hilang kan penat hari nya kerja,1,0,1,0,0
382,rupa tempat wisata alam ampil pandang alam natural,1,0,1,0,0
383,sejuk murah cukup rupiah,1,0,1,0,0
384,tempat seru bawa anak jalan tiket masuk murah jalan masuk nya sempit curam,0,0,1,0,0
385,pandang bagus musholla utara sederhana parkir utara tanah kalau habis hujan,0,0,1,0,0
386,tempat sangat bagus buat libur akhir pekan terus tiket msuknya murah riah wahana main banyak tiket jangkau banget spot ftonya banyak bagus enggak bakal rugi deh buat anak enang,1,0,1,1,0
387,oke banget buat wisata luarga,1,0,1,0,0
388,suasana desa sangat cocok ajak luarga sini pandang sawah gunung sini sumber air buat renang fasilitas lumay lengkap mula kolam renang kolam ikan sepeda air kincir angin sepeda angin reta mini berapa pujasasera makan murah enak lahan parkir sangat luas akses jalan bagus tiket murah sekal bawa mobil orang cuman ribu gratis renang kalau naik main lain bayar makan rata ribu,1,0,1,1,1
389,indah sejuk senang asli asri sejuk senang,1,0,1,0,0
390,tempat luas murah recommended,1,0,1,0,0
391,murah riah sejuk pandang luar biasa,1,0,1,0,0
392,simply beauty sederhana cantik,1,0,1,0,0
393,pandang exotic nuansa desa bingittt,1,0,1,0,0
394,sangat cocok sekal tempat refreshing sama luarga,1,0,1,0,0
395,tempat tema wisata sangat bagus ramah anak asyik wisata luarga,1,0,1,0,0
396,tempat wisata alam cocok buat luarga tiket masuk murah riah,1,0,1,0,0
397,sejuk sekal pas banget sana gerimis tipis jadi ngeteh ngopi ikmat pandang sawah gunung rekomen banget,1,0,1,0,1
398,suka lokasi,1,0,1,0,0
399,lumay wisata luarga parkir lebih tata areal camping cari lebih rindang fasilitas unjang,0,0,1,0,0
400,lokasi masuk dalam jalan aman tidak curam wisata kelola berapa pihak baik swasta bumn harga tiket masuk masuk main kolam renang gratis kolam renang campur sama ikan reta api liling sawah sepeda becak terbang api ikan harga main toliet cukup bersih tenan jual makan minum foodcourt harga makan minum sangat murah jam tutup jam sore lahan sangat luas masuk sawah bentang jadi mungkin elola sulit pantau unjung buka malam wisata murah cukup buat luarga rekrasi meski tanggal tua,1,1,1,1,1
401,suka banget wisata sini tiket murah riah per orang parkir motor sini sedia wahana main nikmat semua umur reta sawah bebek sepeda ayun putar biaya tiket per orang sekal masuk sini api ikan lo kolam enang anak dewasa dalam cuma paling jangan khawatir kalau lapar haus banyak warung dalam wisata harga jangkau,1,0,1,1,1
402,seru harga jangkau kamar mandi bersih,1,0,1,0,0
403,tempat wisata tiket masuk paling murah daerah trawas rbu ikmat pandi api ikan spot foto gratis banyak kantin wahana macam makan murah wahana harga standard foto list harga wahana bawa tempat wisata cocok libur tanggal tua kurang mungkin jalan masuk area wisata kurang lebar,0,0,1,1,1
404,toilet lebih banyak akses jalan luar segera baik kalau musim hujan buat bahaya endara motor,0,0,1,0,0
405,wisata alam sawah alam sangat sarat didik out bond murah sangat manfaat,1,0,1,0,0
406,tempat seru banyak wahana harga tiket murah,1,0,1,1,0
407,bagus pandang cuma tinggal akses masuk baik,0,0,1,0,0
408,tempat libur nyaman suasana sawah gunung tiket masuk ramah kantong,1,0,1,0,0
409,tiket masuk ribu orang wisata sawah era postmodern harga makan minum relatif jangkau lebih saran sini pas weekday pas weekend lumay rama tadi pas sini komunitas ada acara gathering rapat kerja,1,0,1,0,1
410,tiket masuk cocok buat main anak luargs,1,0,1,0,0
411,tempat wisata akses jalan mudah tiket masuk murah cocok banget refreshing sama luarga kolam renang asri alam banget coba banyak wahana saran mau sini pas weekend dateng pagi siang dikit ruameee pol,0,0,1,1,0
412,air nya suejuk sumber alam,1,0,1,0,0
413,sangat bagus buat panja mata tempat nya semoga tambah rama wisata nya,1,0,1,0,0
414,sejuk,1,0,1,0,0
415,edukasi cucu tani,1,0,1,0,0
416,cocok wisata luarga anak kecil kolam renang api ikan gazebo sawah gratis kuliner jangkau,1,0,1,0,0
417,bagusssss,1,0,1,1,0
418,mantab tiket murah layan ramah pandang bagus,1,0,1,0,0
419,tempat rekreasi banyak wahana utama anak anak luarga cocok rama rama banyak saung tengah sawah udara pandang bukit bagus foodcourt bagai macam makan menu rumah minum harga relatif murah mushola toilet cukup bagus,1,0,1,1,1
420,wisata desa awar berapa main,1,0,1,0,0
421,tama kali sini asar viral hehehe sengaja angkat pagi surabaya atas sbagi review orang ig kalau siang ruame sangat panas pasti kan wisata sawah sepanjang jalur masuk banyak tugas arah area parkir lumay rapi meski medan pada tiket masuk orang parkir wahana beli tiket ribu per wahana api ikan kolam mandi gratis pujasera nya harga lumay murah sayang kolam mandi kurang nyaman campur ikan overal lumay bagus kalau sana memang mending pagi kalau nikmat semua antri panas terik heheheh,0,1,1,1,1
422,bagus,1,1,1,1,0
423,masya allah tabarakal tempat bagus luas manja pandang gunung hampar sawah indah,1,0,1,0,0
424,reta antri lumay jalan lumay gang tama masuk sempit banget,0,0,1,1,0
425,pandang indah tidak antri jajan tempo dulu banyak wahana main anak dapat gazebo sawah istirahat musholla cukup buat satu luarga kecil recommended pokok,1,0,1,1,1
426,wisata sawah cocok outbond anak cocok libur luarga wahana murah riah cukup senang banyak gazebo teduh,1,0,1,1,0
427,tempat nya bagus harga sesua bpjs,1,0,1,0,0
428,asik pokok,1,0,0,1,0
429,tempat alam layan baik,1,1,1,0,0
430,tempat asik kalau musim panas tempat panas banget soaleh persawahan,0,0,1,0,0
431,wisata sawah dingin sejuk asri kolam renang buat main anak anak sepeda terbang reta linci jalan atas sawah atv lain,1,0,1,1,0
432,wisata jos,1,0,1,0,0
433,sangat cocok wisata luarga hawa sejuk pandang gunung berapa pilih wahana,1,0,1,1,0
434,lebih baik wisata jangan akhir pekan hari libur kalau hari libur usaha pagi pagi jam sore atas,0,0,1,0,0
435,tempat saran lurus tempat penuh sangat cewa lama niat pengin sini enggak masuk dalam,0,0,1,0,0
436,wisata murah riah cocok luarga,1,0,1,0,0
437,bagus murah riah,1,0,1,1,0
438,wisata pandang sawah sumber gempong rupa salah satu wisata luarga mojokerto tepat daerah trawas tempat wisata suguh pandang alam mula sawah bukit wahana air tempat cocok cari hawa lebih sejuk rigratissh mood cocok bawa anak kecil wahana aman kadang lebih dingin kabut turun,1,0,1,1,0
439,tempat bagus,1,0,1,0,0
440,wisata bagus buat refreshing,1,0,1,0,0
441,pandang bagus sih cocok tuju healing refresh cuman eman banget enggak tempat teduh pas ujan jadi betul pas sana ujan tempat teduh rada jauh jauh tempat teduh tetap tampes kan tempat outdoor sawah jadi angin kencang paksa ngiyup kamar mandi untung pas sana sepi kalau rama bagaimana,0,0,1,0,0
442,tempat bagus proses benah sepert lebih banyak wahana saran elola wisata outdoor lebih baik sedia kantin tempat teduh dopo lebih luas wisataw tidak hujan,0,0,1,1,0
443,wisata affordable luarga suka banget sama reta sawah sama kolam api ikan dingin banget reta saran beli tiket nya dulu kalau pas rama terus tinggal main antri banget oiya warung nya banyak ungung lebih banyak jadi lebih baik bekel rumah saran enak lewat panda arah pabrik gudang garam terus rute anjak via jolotundo jalan relatif bagus bebas macet,0,0,1,1,1
444,tempat wisata murah enggak murah,1,0,1,0,0
445,harga tiket masuk wahana prmain saran prbnyk toilet,0,0,1,1,0
446,tempat wisata murah riah cocok buat ajak anak anak luarga harga makan masuk wajar bahkan murah kelas tempat wisata apabila mau naik wahana harus beli tiket anak bawah tahun gratis semoga bantu ulas,1,0,0,1,1
447,parkir luass layan ramah harga tiket masuk murahh,1,1,1,0,0
448,bagus tempat nya arik banyak wahana,1,0,1,1,0
449,tempat luas sejuk bagai pilih makan khas asli luas sejuk tempat banyak pilih specialties nya,1,0,1,0,1
450,full kalau libur harga makan minum jangkau,1,0,1,0,1
451,tempat sih lumay enggak jauh jauh jalan raya jalan enggak rusakk tiket enggak paka antri panjang padahal kondisi rama tiket datang langsung bayar cepat banget lahan parkir luas harga tiket waha jangkau saran toillet tambah biar antria enggak lalu panjang wahana bebek air tambahin bebek biar antri enggak lalu panjang,0,0,1,1,0
452,tempat sejuk bersih asri pas banget buat referensi libur luarga fasilitas lengkap menu makan fariasi harga aman kantong,1,0,1,0,1
453,pandang pandang siipppp main makan murah riah top,1,0,1,1,1
454,bagus,1,0,1,1,0
455,lumay buat referensi refreshing bareng luarga,1,0,1,0,0
456,wisata luarga senang banyak wahana main anak hingga dewasa,1,0,1,1,0
457,kalau tambah gasebo tengah sawah menu makan khas des mantap,0,0,1,0,1
458,tempat indah asri wahana nikmat santa makan warung enak,1,0,1,1,1
459,wisata sangat sejuk senang,1,0,1,0,0
460,tempat refreshing luarga sangat rekomended,1,0,1,0,0
461,tempat luas nila sedang akses masuk sulit jalan sempit antara mukim warga,0,0,1,0,0
462,seru murah bawa makan luar makan sama luarga ikmat pandang sawah gunung,1,0,1,0,1
463,mending pagi sih kalau sini biar enggak vanassss,0,0,1,0,0
464,pandang nya bagus tiket masuk murah makan nya murah pokok nya enggak cewa,1,0,1,0,1
465,wahana reta api lewat sawah sangat arik cocok luarga anak anak ata dagang cukup baik lokasi cukup sejuk panorama gunung sekeliling,1,1,1,1,0
466,tempat wisata alam cukup arik atmosfir sawah asiring sejuk dapat kolam renang sumber air asli gunung berapa wahana cocok luarga anak anak sekedar saran mohon ingkat musholla tidak lalu sempit campur laki laki empu volume unjung hari libur tinggi selayak musholla lebih besar,0,0,1,1,0
467,banyak spot foto desa tempat asri sejuk,1,0,1,0,0
468,tempat nyaman sejuk parkir mobil elf sedia nampung an mobil ratus motor fasilitas main banyak tiker murah riah,1,0,1,1,0
469,minggu nop jam jalur masuk luar jaga atur ndara berapa titik sangat bantu meski jalur sempit upa tanja turun tiket masuk orang masuk api ikan pandi tarif parkir mobil area parkir luas mayoritas tanah jadi kalau hujan becek sore hari nyaman tidak panas udara sejuk api ikan sip antri banyak lokasi mepet pandi takut peleset jatuh sayang air pandi tidak jernih banyak ikan jadi mandi ikan gubuk tempat duduk sebar sekeluarga duduk salah satu gubuk ikmat alam sawah cukup arik beli rupuk samiler mentah ribu plastik rupuk samiler goreng nyata enak bingitz pedas dikit kriuk poll recommended,0,1,1,0,1
470,pandang bagus,1,0,1,0,0
471,lembah sawah sulap jadi tempat wisata,1,0,1,0,0
472,makan murah riah suasana asri desa banget reta sawah bebek pakan ikan,1,0,1,1,1
473,cocok rekreasi sama luarga teman,1,0,1,0,0
474,geprek enaak,1,0,0,0,1
475,tempat bagus banget cocok banget buat healing,1,0,1,0,0
476,tiket masuk ribu parkir motor ribu tempat bersih luas cocok wisata luarga,1,0,1,0,0
477,keren banget tempat,1,0,1,0,0
478,muantab indah tempat,1,0,1,0,0
479,toilet tempat duduk sedikit,0,0,1,0,0
480,asyik banget,1,0,0,1,0
481,wahana rekreasi pandang gunung reta linci naik kuda poni kolam renang sawah,1,0,0,1,0
482,asiek ponak aku suka semua,1,0,1,0,0
483,tempat wisata sejuk alam pandang sawah sangat nyaman pandang,1,0,1,0,0
484,wisata pandang pandang bukit sayang kolam renang ubah tama kali datang mungkin coba kolam renang buat kedung klurak biar lihat bersih wahana main antri cukup lama banget panas buat anak kecil bosan,0,0,1,1,0
485,cukup bagus tempat terus benah nyaman unjung maju terus bumdes tapanrame trawas,1,0,1,0,0
486,worth harga tiket masuk pandang bagus sejuk banget harga tiket wahana enggak lalu mahal jangkau makan enggak lalu mahalll ayam bakar rasa enak,1,0,1,1,1
487,tenang sekal kalau buat nongkrong,1,0,1,0,0
488,bagus tempat nyaman,1,0,1,0,0
489,buat healing lihat pandang sawah gunung buat main anak anak cukup murah jangkau enak pas pagi hari jam jam sore waktu mendung syahdu sejuk,1,0,1,1,0
490,tempat wisata ada daerah lembah akses masuk arah trawas prigen belo vanda gang sebe kiri jalan plakat hansip jaga masuk jalan urun ikut loket bayar per orang parkir motor wisata tawar sebuah hampar sawah latar belakang gunung anggung eksotis situ wahana main reta sawah prau angsa dremulen sepeda layang kolam pandi kolam api ikan gratis situ banyak tempat duduk gazebo sebar luas dopo guna tempat nongkrong teduh warung jual olah hasil kebun warung jual bagai makan minum lebih baik datang pagi jam pagi tempat sepi beri kesan nyaman hening sendir jam trmpat mula rama unjung makin bludak seki imakasih,1,1,1,1,1
491,kakak nya ramah ramah,1,1,0,0,0
492,pandang sawah hijau asri unjung buang sampah sembarang,0,0,1,0,0
493,tempat bagus sejuk timet masuk murah cuma parkir motor tiket wahana murah mula makan minum masuk murah area wisata harga mula goreng besar jadi wajar lah harga segitu semoga makin kembang,1,0,1,0,1
494,alam,1,0,1,0,0
495,tempat lumay besar wahana main anak harga tiket masuk ribu orang parkir mobil ribu lokasi tempat mandi air sumber dangkal anak kecil air dingin tempat makan snak gasebo santai wahana main bayar suasana sejuk pandang sawah,1,0,1,1,1
496,wisata murahmeria,1,0,1,0,0
497,gapura bolak balik kali selalu bilang penuh sama hansip nya,0,1,0,0,0
498,temat bagus wahana murah,1,0,1,1,0
499,exit buruk,0,0,1,0,0
500,tempat rupa wisata sawah arti sesungguh ada area sawah duduk setempat asri natural pandang alam sangat indah udara sejuk segar dingin alam suasana sangat tenang aman nyaman senang fasilitas lengkap kolam ikan api kolam renang alam air sangat jernih bersih area foto pandang bagus fasilitas main bagus padah layan baik ramah senang,1,1,1,1,0
501,asyik tempat murah riah tiket masuk orang gratis api ikan santai saung sawah jumlah an enang air alam banyak main anak luarga harga relatif jangkau bebek air reta ayun sepeda gantung becak gantung villa kalau weekday kamar kalau weekend makan hitung murah tempat wisata pop mie aqua saran kalau mau sini pagi pagi sekal sore kalau siang dikit audah rama panas,0,0,1,1,1
502,murah riah banyak wahana pandang sawah goda bikin mata ijoo,1,0,1,1,0
503,jual makan sedikit toilet kurang,0,0,1,0,1
504,karya wisata daerah tapanrame mojokerto rupa desa brili rupa desa bina bank rakyat indonesia ro surabaya desa inisiasi bumdes tapanrame support bank rakyat indonesia lalu program corporate social responsibility bagi embang masyarakat area wisata bagi atas tiga bagi besar area wisata kuliner area wisata alam area wahana wisata area wisata kuliner bagi area wisata kelola bumdes sedia makan utama area kelola pihak umkm bina bumdes tapanrame berjum toko umkm sedia minum makan ringan area wisata alam sini wisata pandi kolam ikan area wisata agro area wisata wahana sini aneka main kolam reta api area parkir ndara sedia ndara roda empat seratus lebih ndara roda sini sedia mushola toilet,1,1,1,1,1
505,sangat bagus harga sangat jangkau masuk nya ribu gratis renang pandang sawah indah naik wahana nya mula ribu makan minum jangkau cukup puas semoga lebih perindah tambah wahana lain,1,0,1,1,1
506,tempat wisata luarga paling rekomendasi tiket jangkau terus belanja sayur lansung tani,1,0,1,0,0
507,wisata alam cocok luarga luarga besar teman harga jangkau ikmat alam main,1,0,1,1,0
508,tempat nya luas makan nya upa pujasera umkm batas duduk nya suasana sana sejuk segar meski rama harga orang habis ribu masuk makan minum wahana main parkir harga tiket masuk,0,0,1,1,1
509,bagus banyak wahana tarik naik reta eliling sawah,1,0,0,1,0
510,cukup bagus buat healing,1,0,1,0,0
511,sangat bagus sekal nuansa khas desa sawah gunung wajib datang,1,0,1,0,0
512,mantab banyak area main luas sekal,1,0,0,1,0
513,akses jalan sempit daoat hadiah beret kanan kiri selip mobil luar harus memang kalau parkir penuh mobil mau masuk stop jangan penuh masuk,0,0,1,0,0
514,jangan pernah sini kalau mobil kali pengin aman jalan sempit banget cok mobil gue langsung beret kanan kiri mana mobil baru beli cok,0,0,1,0,0
515,rawon iga sumber gempong coba unik rasa mantap,1,0,0,0,1
516,lingkung alam akjub,1,0,1,0,0
517,keren sih sawah jadi tempat wisata fasilitas lumay banget tiket masuk sangat murah kamar mandi bersih sana karyaw elola ramah ramah banget,1,1,1,0,0
518,tempat nya sejuuk cocok buat wisata luarga mungkin tambah gubuk nya semangat benah,0,0,1,0,0
519,mantab api ikan,1,0,1,0,0
520,tempat nya nyaman,1,0,1,0,0
521,rute masuk lalu sempit kuota masuk tempat batasi,0,1,1,0,0
522,cocok wisata luarga healing jadi lebih seru wisata sumber gempong kec trawas kab mojokerto,1,0,1,0,0
523,alhamdulil hilang rasa asar sama istri sana ata sawah wisata lumay bagus pondok tempat istirahat gazebo gubug lumay banyak kalau sana dtidak perlu bawa uang banyak meski arena main reta mini becak udara bayar semua sebagaimana wisata kota relatif harga wajar kalau kamu beli jajan minum makan bakso kamu naik kalau kamu sholat naik lewat kolam renang bayar air semoga waktu lihat jernih jadi tidak jadi renang kuatir entar sakit hobby luarga kalau tempat wisata selalu cari tempat kolam renang baru selfi nah cukup seki alam dana cukup kali puas entah kalau kolam renang lebih bersih baru sana,0,0,1,1,1
524,lokasi wisata letak daerah trawas mojokerto kena tiket masuk per orang rupiah naik sepeda motor kena biaya parkir rupiah mobil rupiah fasilitas hibur lumay lengkap buat enang kuda mau paka ndara atv tambah biaya unjung coba tempat wisata pandang keliling sawah latar belakang gunung tempat rama unjung waktu akhir pekan sedia tempat beli makan mau minum toilet sini jaga bersih waktu sini lihat banyak unjung suka buang sampah sembarang lihat banyak sampah sera,0,1,1,1,1
525,bagus sejuk udara mushola harga makan jangkau,1,0,1,0,1
526,bagus indah,1,0,1,0,0
527,wisata baru kolam renang alam naik reta anak naik kuda taraf embang bagus buat selfie tiket masuk rp per orang,1,0,1,1,0
528,salah satu tempat wisata alam suasana desa gunung ds tapanrane kec trawas nyaman santai bero raga healing sebaga,1,0,1,0,0
529,jalan luar masuk enggak atur,0,0,1,0,0
530,tempat lumay sejuk jalur uju lokasi sempit mobil,0,0,1,0,0
531,tempat bersih mungkin tambah pohon besar rindang satu tempat gapura makam tua batu lingga batu merah besar semoga jaga lestaria,0,0,1,0,0
532,bagus suka reta sawah,1,0,0,1,0
533,lokasi nyaman cocok buat piknik luarga sedia gazebo banyak wahana main anak ramah kantong,1,0,1,1,0
534,lalu rama akhir pekan tempat parkir eri penuh sesak akses sulit area main tidak lalu minat lalu lama orang antri pelihara kurang baik,0,1,1,1,0
535,lumay enak buat acara luarga sg nuanaa alam,1,0,1,0,0
536,tidak rekomendasi unjung kota area parkir kurang nyaman rama,0,0,1,0,0
537,akses luar masuk ndara sulit,0,0,1,0,0
538,tempat nyaman cocok libur sama luarga makan enak murah,1,0,1,0,1
539,bulan lalu luarga besar libur sini kesan sangat baik kenang soal pandang enggak usah ragu tempat bersih sejuk indah sedikit asih alam kesan gawa ramah sangat baik hp ponak tinggal camp tinggal tidak sadar hp tinggal kembi pihak gawa pulang mobil tumpang alam ban bocor sehinggga ganti ban gawa saling kontak nyari dongkrak inti tempat wisata rekom banget,1,1,1,0,0
540,tempat asri sejuk pas enggak panas hujan jadi nyaman cuma wisata outdoor jadi nya banyak ngerokok kasih anak ibu enggak suka asap rokok,0,0,1,0,0
541,arik murah senang,1,0,1,0,0
542,tiket masuk murah wahana sedikit pandang nya amazing tiket reta ribu becak ribu sepeda ribu parkir ribu,0,0,1,1,0
543,nyaman dingin asri,1,0,1,0,0
544,refreshing murah riah segar udara angin sawah berapa hibur main,1,0,1,1,0
545,bagus wahana hibur sejuk mata,1,0,0,1,0
546,wisata alam bagus unjang pandiri ekonom masyarakat desa buka lapang kerja warga setempat,1,1,0,0,0
547,dingin asik,1,0,1,0,0
548,murah riah,1,0,1,0,0
549,lebih baik datang pagi hari suasana desa sawah pandi api ikan reta sawah,1,0,1,1,0
550,aduh sumber gempong nya sangat indah ku,1,0,1,0,0
551,cukup senang,1,0,0,1,0
552,tempat wisata desa cocok luarga time sesua nama tempat dapat sumber air letak bawah pohon ingin bawah kolam pandi anak wahana sedia patut coba bebek air reta atas awan sepeda terbang banyak pandang tempat lokasi sangat panja mata masuk suguh pandang hampar sawah pandang gunung sebe kiri lihat sumber air tepat bawah pohon ingin harga tiket masuk orang parkir sepeda motor motor rekomend,1,0,1,1,0
553,admin buka pinta maaf fasilitas malah lah loh lah loh tempat wisata macam apa tempat parkir tidak tinda pilik,0,1,1,0,0
554,enggak rekomended buat punya mobil sana pas hari minggu kondisi hujan area parkir jadi medan off road,0,0,1,0,0
555,apeessss parkir trpergkap lumpuuurr,0,0,1,0,0
556,naik kuda reta api ikan kalau hari minggu padat sekal unjung,0,0,1,1,0
557,ampun kalau musim hujan kayak begin harus fasilitas parkir nerin dulu pak kades pasuk jebak lumpur sasar unjung jangan parkir bawah kalau musim hujan begin,0,0,1,0,0
558,luar biasa senang ulang,1,0,1,0,0
559,tempat bagus berapa wahana main plus kolam renang sumber alam meski parkir mobil alas tanah info tugas depan lahan parkir cor makan banyak vari nya harga murah,1,1,1,1,1
560,salah satu destinasi wisata alam indah sangat cocok wisata luarga lokasi lembah sawah antara bukit bukit hijau kuliner khas desa tapanrame baik adal rasa kopi lokal tapanrame sangat recommended,1,0,1,0,1
561,akses mudah aman parkir luas pilih wahana banyak arik jangkau aman area pujasera bersih nyaman jangkau cocok wisata luarga wisata edukasi integrasi sawah warga guna produktif betul daya datang pas warga panen padi salah satu bidang sawah,1,0,1,1,1
562,elola harap hatik banyak tempat teduh jumlah sangat sedikit teduh rebut ganti tempat bilas sangat sedikit antri toilet letak jauh mushola kotor debu sebaik lanta ramik bukan plester semoga jauh lebih baik,0,0,1,0,0
563,meski tahap embang punya potensi jadi wisata unggul pilik pandang sangat indah,1,0,1,0,0
564,wisata murah riah,1,0,1,0,0
565,tempat bagus banyak spot buat foto harga tiket msukx jngkau terus wisata kuliner pokokx lengkp semuax sana dijmin enggak sesal pergi jalan wisata sawah sumber gempong malah pengin balik kesna,1,0,1,0,1
566,bagus buat healing sejenak tiket masuk murah,1,0,1,0,0
567,tempat bersih jual makan hargax sesua pokokx enak tempat wisatax,1,0,1,0,1
568,tempat wisata wajib kunjung harga murah ikmat pandang alam sejuk,1,0,1,0,0
569,tempat wisata arik ada gunung anggung kaki bukit gunung ringgit hawa cukup sejuk sumber air satu kolam kecek cari ikan gatul parkir mudah masuk murah antisipasi hujan kayak becek parkir,0,0,1,0,0
570,mantul enak panda sejuk latar sawah hampar hijau uning nya padi siap panen rapi gunung exotis sekal enak buat leseh luarga tiket masuk murah riah kalau weeknd penuh enggak parkir pokona mah top martkop sumber gempong euy,0,0,1,0,0
571,benar pilih wisata sangat tepat lepas lelah jenuh aktivitas hidup kota sangat nyaman,1,0,1,0,0
572,marin habis sini jalan surabaya jam guna motor awal hampir nyasar nyata tempat wisata masuk gang kecil pas tuju senang banget suguh indah alam sawah hijau background gunung sangat jelas minus cuma panas memang jarang tempat teduh recommend kok pas sana kantin enggak buka semua mungkin hari senen berapa buka makan harga murah kok start ribu wahana sangat jangkau mula ribu paling suka wahana reta itar sawah seru sekal air sejuk asli sumber gunung jadi mskipun panas enggak bikin belang kulit marin pengin naik kuda kata orang jaga loket ada cuma hari weekend its oke sih hehe oiya tiket masuk murah banget ribu per orang parkir motor ribu jalan tidak lalu anjak curam jadi mau sana bawa motor sangat worth,0,0,1,1,1
573,wisata sangat murah riah harga tiket masuk nya murah orang mau makan murah pangsit mie ayam paka tepak makan plastik mau naik wahana murah mula pandang nya bikin refresh gubuk paka buat ngdingin main air sawah,1,0,1,1,1
574,mantap banget,1,0,1,0,0
575,tempat asik naik wahana reta liling sawah,1,0,0,1,0
576,tempat nyaman asri enak banget buat healing introvert ramah banget tempat,1,0,1,0,0
577,kunjung hari minggu siap panas macet,0,0,1,0,0
578,harga tiket masuk orang masuk lokasi parkir tiap main beli wahana ticketing harga tiket paling favorit reta sawah tiket antri kode tiket jadi naik panggil eras suara hindar hujan jalan basah area parkir tanah padat recommended serame batu layan ramah mula masuk luar parkir,0,1,1,1,0
579,oke cuma kalau siang dikit panas,0,0,1,0,0
580,biaya masuk murah riah khas desa banget suasana,1,0,1,0,0
581,pandang alam sok refresing segar tingkat arah masuk lokasi,1,0,1,0,0
582,tempat wisata bagus pandang indah sekedar masu jalan luar masuk ndara kalau pisah jalan cukup sempit ganti luar masuk area wisata,0,0,1,0,0
583,wisata alam hampar sawah hijau luas segar mata udara sejuk tiket masuk murah rp wahana main reta sawah flying fox tiket pisah makan murah riah enak wisata utama sebenar sumber mata air alam paling suka waktu santa gubuk tengah sawah ikmat angin sepo sepo datang pagi pas weekend siang dikit rama parkir luas cocok libur luarga tipis tipis,1,0,1,1,1
584,murah riah wisata,1,0,1,0,0
585,tiket naik wahana golong mahal,0,0,0,1,0
586,kalau weekend rama unjung,0,0,1,0,0
587,wisata alam murah alam,1,0,1,0,0
588,senang wisata harga tiket masuk murah bikin bahagia,1,0,1,0,0
589,tempat bagus sejuk meski jam siang,1,0,1,0,0
590,tempat sejuk sekal,1,0,1,0,0
591,tempat wisata murah riah harga tiket masuk jangkau berapa wahana anak anak mau dewasa lengkqpi sarana kuliner toilet gazebo mushola weekend atau hari libur kurang tempat ubtuk teduh panas atau hujan mungkin cari jalan beda luar lokasi wisata tidak jadi macet ganti ndaar masuk perlebar akses jalan uju lokasi wisata,0,1,1,0,0
592,wisata desa asri cuman antri wahana luar biasa panjang sih anak rewel lama nunggu,0,0,1,1,0
593,bagus buat refreshing embang utama layan unjung toilet ruang tunggu wahana perba unjung semakin banyak ima kasih,0,0,1,0,0
594,cocok buatvhealing suasana desa makan jangkau,1,0,1,0,1
595,tempat bagus kids ramah sayang tempat reservasi aula tengah depan ayun jatra tidak beri tanda jadi banyak unjung ikut duduk tempat booking tugas siap,0,1,1,0,0
596,tempat bagus banyak main banyak tempat teduh musholla kamar mandi bersih cocok buat cinta alam,1,0,1,1,0
597,rekomendasi deh,1,0,1,0,0
598,pandang alam fresh,1,0,1,0,0
599,hawa nya bikin betah,1,0,1,0,0
600,cocok buat weekend bareng luarga tiket masuk murah banget kalau mau naik wahana bayar macam mula kalau mau renang gratis banyak tenant makan tempat parkir luas,1,0,1,1,1
601,pandang sawah gunung cocok wisata luarga toilet bersih parkir cukup luas harga tiket masuk ribu wahana info foto therap ikan gratis minus akses luar masuk macet an jalan tanja harap hati bawa luarga anak kecil motor,0,0,1,1,0
602,murah riah ingkat ekonomi warga cuman perlu tambah tempat teduh lokasi makan minum,0,1,1,0,1
603,lokasi tepat villa vanda gardenia gang masuk kiri arah vanda tempat lumay luas pandang bagus letak lereng anggung welirang pandang gunung anggung latar depan sawah jadi daya tarik sendir sesedia gubuk saung tengah sawah teduh istirahat makan bekal wahana macam macam atv reta kolam renang sayang kolam renang kotor pujasera pintu masuk tempat jual makan ringan goreng atas kolam renang parkir mobil motor luas banget gang masuk lokasi kecil mepet salip mobil tugas awal tiket masuk orang wahana bayar dalam,0,1,1,1,1
604,keren benar tempatnyaaa cocok buat otbon anak,1,0,1,0,0
605,hawa sejuk sejuk cocok buat nyanta sama luarga tambah tiket masuk murah ambah nikmat jalan jalan sini enggak bikin kantong jebol,1,0,1,0,0
606,tiket masuk rp karcis mobil rp naik sepedah langit rp becak langit rp becak air rp suasana sawah segar nyaman banget,1,0,1,1,0
607,sini waktu weekday tiket masuk parkir mobil ribu tiket main lumay jangkau suasana sawah sejuk,1,0,1,1,0
608,tempat rama banget utama pas weekend antrinuntuk naik reta sawah,0,0,1,1,0
609,tempat enak nyaman,1,0,1,0,0
610,bagus pandang,1,0,1,0,0
611,panas kayak sawah benar,0,0,1,0,0
612,panass bawa payung rumah,0,0,1,0,0
613,kalau sini wajib bawa tiker pandang bagus sawah dingin pilih makan kurang banyak mending bawa bekal sendir suasana cocok buat luarga,0,0,1,0,1
614,nyaman asri alam uenak poll,1,0,1,0,0
615,suasana desa asri hijau nan subur kolam renang warung makan saung tengah sawah harga tiket masuk nya cukup ribu rupiah kalau sini wajib bawa topi arau payung panas enggak tempat teduh pada,0,0,1,1,1
616,tempat teduh kurang jadi wisataw nya panas,0,0,1,0,0
617,hari libur rama pol jadi enggak ikmat tiket masuk murah akses jalan masuk tempat wisata sempit rusak mudah elo segera baik akses jalan masuk tempat wisata,0,1,1,0,0
618,tempat nya lumay bagus cuma sayang tunjang jalan rusak sempit waktu mobil papas sangat sempit sekal,0,0,1,0,0
619,tiket murah akses jalan cukup rusak,0,0,1,0,0
620,biasa pandang sama objek wisata lain wilayah trawas sebal attitude jaga parkir tidak sopan belagu bayar karcis masuk tidak beri karcis attitude tidak ramah parah padahal tempat wisata gantung sda gantung sdm kalau sdm buruk bagaimana orang mau recommended mending ajak luarga main taman ghanjar kampung brenjonk,0,1,1,0,0
621,elola tidak sopan,0,1,1,0,0
622,tempat panas akses jalan rusak,0,0,1,0,0
623,luar biasa sejuk indah banyak wahana kantin tempat jual perlu baik sering lihat kotor kurang arik,0,0,1,1,1
624,kurang fasilitas konsep nya kurang jelas kotor jalan sempit kalau bawa mobil sabar menga kalau simpang sangat sempit ekstra hati kalau mau parkir mobil semoga depan tingkat fasilitas nya,0,0,1,0,0
625,weekend macet luar biasa,0,0,1,0,0
626,kunjung hari minggu siap panas macet,0,0,1,0,0
627,hari libur rama pol jadi enggak ikmat tiket masuk murah akses jalan masuk tempat wisata sempit rusak mudah elo segera baik akses jalan masuk tempat wisata,0,0,1,0,0
628,pandang bagus letak sawah sedia kolam renang mata air sumber cuaca panas sekal,0,0,1,1,0
629,parkir becek buruk,0,0,1,0,0
630,akses jalan jelek sempit kalau naik mobil,0,0,1,0,0
631,lumay bagus cuma panas kurang gubug nya,0,0,1,0,0
632,panas,0,0,1,0,0
633,wisata bagus jual ramah kamar mandi tidak kunci kurang bersih,0,1,1,0,0
634,cukup bagus murah sayang akses jalan sempit batu,0,0,1,0,0
635,kurang tempat teduh sini sangat panas,0,0,1,0,0
636,mobil kondisi nya baik banyak tanja curam,0,0,1,0,0
637,tempat becek,0,0,1,0,0
638,exit buruk,0,0,1,0,0
639,tempat indah panas,0,0,1,0,0
640,kurang puas fasilitas layan tm lalu mahal parkir mobil area bebas parkir,0,1,1,0,0
641,admin tidak ramah,0,1,0,0,0
642,buat puol mau sini gadibolehin belok sama pak ogah yaudah gajad,0,1,0,0,0
643,tempat bagus sayang elola kesan tidak sopan,0,1,1,0,0
644,parkir jelek sempit buruk,0,0,1,0,0
645,kolam renang anak kecil kotor,0,0,0,1,0
646,tempat bagus banget cuman sayang jaga tiket tukang parkir kurang ramah telit,0,1,1,0,0
647,tempat nya bagus sayang enggak musholla,0,0,1,0,0
648,parkir mobil kurang,0,0,1,0,0
649,tempat parkir kurang bagus becek,0,0,1,0,0
650,hi kak bagus banget bersih toilet lebih tingkat,0,0,1,0,0
651,antri banget minggu marin enggak jadi naik deh,0,0,0,1,0
652,pernah mau masuk situ gagal masuk penuh tidak parkir datang jam siang,0,0,1,0,0
653,bus tidak masuk,0,0,1,0,0
654,kamar mandi air sangat kotor sangat tidak anjur mandi toilet umum,0,0,1,0,0
655,tidak recommended air kolam renang buat gatal memang air kali kotor,0,0,0,1,0
656,jaan masuk sempit,0,0,1,0,0
657,selalu rama antri,0,0,1,0,0
658,parkir sulit,0,0,1,0,0
659,parkir mobil kurang,0,0,1,0,0
660,oke butuh banyak tempat teduh,0,0,1,0,0
661,bagus cuma seada parkir becek,0,0,1,0,0
662,tempat nya lumay kalau pas cuaca mendung kalau cuaca pas terik panas pool,0,0,1,0,0
663,bagus natural tempat hibur rakyat all free cuma parkir bayar hati jalan masuk sempit jadi buat mobil mohon sabar turut kata pandu jalan,0,1,1,0,0
664,tempat teduh kurang,0,0,1,0,0
665,sebuah wisata alam cukup rekomendasi nuansa alam buka dapat sebagi wahana seru pandang alam cocok sekal buat jadi background foto posting sosmed pandang gunung sawah dapat kolam endam saran lebih awasi damping anak enang karena kolam golong sedikit bahaya kolam buat bebatu alam lumut pungkin jadi cidera tidak hati hati kolam air dingin bukan panas pasuk area wisata jalan awal lalu cukup sempit mobil mpv suv ganti,0,1,1,1,0
666,kalau sini wajib cebur kolam cuman kalau parkir mobil kasih tenda dong biar enggak hot lotot wkwkwk,0,0,1,0,0
667,kalau siang panas,0,0,1,0,0
668,tempat nya asyik murah mria djangkau kalang tnga kbawah cuma lahan parkir sulit luar masuk pas rama nya main anak murah tiket wajar hrganya jaga parkir montor lbi tegas cara mlayan mhn dbantu motor sulit luar pnataa numpuk tak bratur medan batu krikil sring orang trglincir roda motor kalau drata drapi the best dach namba tempat buat ngecamp mnghadap area sawah semoga lbi sukss cara mngelo area,0,1,1,1,0
669,panas rama kapasitas parkir tidak padah,0,0,1,0,0
670,jalan utama baik jadi buat mobil lewat,0,0,1,0,0
671,panas banget banyak perlu baik pandang nya bagus air segar toilet kurang banyak,0,0,1,0,0
672,tutup lalu pagi paka banget,0,1,0,0,0
673,bagus alam sayang nya batu alas kolam renang tajam,0,0,1,1,0
674,bagus pandang sayang tempat makan kurang tidak variatif,0,0,1,0,1
